{
	"levelAmt":10,
	"levels":
	[
		[
			{"btype":1,"x":800,"y":50,"ang":45}, {"btype":1,"x":750,"y":660,"ang":90}, {"btype":1,"x":750,"y":560,"ang":90}, {"btype":4,"x":860,"y":690,"ang":0}
		],
		[
			{"btype":1,"x":300,"y":50,"ang":45},{"btype":1,"x":300,"y":250,"ang":40},{"btype":1,"x":820,"y":200,"ang":45}, {"btype":1,"x":750,"y":660,"ang":90}, {"btype":1,"x":750,"y":560,"ang":90}, {"btype":4,"x":860,"y":690,"ang":0}
		],
		[
			{"btype":1,"x":25,"y":625,"ang":45}, {"btype":1,"x":750,"y":25,"ang":45}, {"btype":1,"x":750,"y":650,"ang":135}, {"btype":1,"x":25,"y":50,"ang":0}, {"btype":4,"x":25,"y":100,"ang":0}
		],
		[
			{"btype":3,"x":300,"y":50,"ang":135},{"btype":1,"x":900,"y":300,"ang":60}, {"btype":1,"x":750,"y":660,"ang":90}, {"btype":1,"x":750,"y":460,"ang":90}, {"btype":1,"x":750,"y":560,"ang":90}, {"btype":4,"x":860,"y":690,"ang":0}
		],
		[
			{"btype":4,"x":800,"y":700,"ang":135}, {"btype":2,"x":25,"y":25,"ang":46}, {"btype":3,"x":50,"y":50,"ang":120}, {"btype":3,"x":75,"y":75,"ang":205}, {"btype":2,"x":100,"y":100,"ang":325}, {"btype":3,"x":130,"y":130,"ang":150}, {"btype":3,"x":150,"y":150,"ang":96}, {"btype":3,"x":170,"y":170,"ang":145}, {"btype":2,"x":175,"y":175,"ang":205}, {"btype":2,"x":200,"y":200,"ang":42}, {"btype":3,"x":215,"y":215,"ang":359}, {"btype":2,"x":250,"y":250,"ang":5}, {"btype":2,"x":280,"y":280,"ang":256}, {"btype":3,"x":300,"y":300,"ang":128}, {"btype":2,"x":330,"y":330,"ang":302}, {"btype":2,"x":360,"y":340,"ang":90}, {"btype":3,"x":375,"y":375,"ang":225}, {"btype":2,"x":405,"y":400,"ang":200}, {"btype":3,"x":420,"y":435,"ang":60}, {"btype":3,"x":450,"y":455,"ang":153}, {"btype":2,"x":480,"y":480,"ang":24}, {"btype":2,"x":500,"y":510,"ang":336}, {"btype":3,"x":520,"y":530,"ang":245}, {"btype":3,"x":550,"y":550,"ang":103}, {"btype":3,"x":580,"y":560,"ang":36}, {"btype":2,"x":625,"y":600,"ang":190}, {"btype":3,"x":650,"y":625,"ang":265}, {"btype":3,"x":700,"y":625,"ang":300}, {"btype":2,"x":725,"y":650,"ang":86}, {"btype":2,"x":750,"y":675,"ang":13}         
		],
		[
			{"btype":1,"x":900,"y":0,"ang":45}, {"btype":3,"x":900,"y":200,"ang":95}, {"btype":1,"x":350,"y":300,"ang":90}, {"btype":1,"x":0,"y":650,"ang":65}, {"btype":1,"x":100,"y":100,"ang":135}, {"btype":1,"x":830,"y":650,"ang":138}, {"btype":4,"x":150,"y":150,"ang":0}
		],
		[
			{"btype":2,"x":0,"y":150,"ang":0}, {"btype":2,"x":150,"y":350,"ang":135}, {"btype":2,"x":300,"y":550,"ang":90}, {"btype":1,"x":450,"y":690,"ang":0}, {"btype":3,"x":550,"y":550,"ang":90}, {"btype":3,"x":650,"y":350,"ang":45}, {"btype":3,"x":800,"y":150,"ang":0}, {"btype":1,"x":750,"y":30,"ang":90}, {"btype":4,"x":850,"y":10,"ang":0}  
		],
		[
			{"btype":2,"x":-10,"y":50,"ang":35},{"btype":2,"x":100,"y":50,"ang":0},{"btype":2,"x":170,"y":0,"ang":90}, {"btype":3,"x":-60,"y":100,"ang":0}, {"btype":2,"x":20,"y":150,"ang":0},  {"btype":3,"x":100,"y":200,"ang":0}, {"btype":3,"x":45,"y":100,"ang":0}, {"btype":2,"x":125,"y":150,"ang":0},  {"btype":3,"x":205,"y":200,"ang":0}, {"btype":3,"x":310,"y":100,"ang":0}, {"btype":2,"x":390,"y":150,"ang":0}, {"btype":3,"x":470,"y":200,"ang":0}, {"btype":3,"x":415,"y":100,"ang":0}, {"btype":2,"x":495,"y":150,"ang":0}, {"btype":3,"x":575,"y":200,"ang":0}, {"btype":3,"x":310,"y":550,"ang":0}, {"btype":2,"x":390,"y":600,"ang":0},  {"btype":3,"x":470,"y":650,"ang":0}, {"btype":3,"x":415,"y":550,"ang":0}, {"btype":2,"x":495,"y":600,"ang":0}, {"btype":2,"x":285,"y":600,"ang":0}, {"btype":2,"x":390,"y":600,"ang":0}, {"btype":3,"x":575,"y":650,"ang":0}, {"btype":2,"x":365,"y":650,"ang":0}, {"btype":1,"x":760,"y":340,"ang":90}, {"btype":4,"x":10,"y":680,"ang":0}
		],
		[
			{"btype":1,"x":215,"y":660,"ang":90}, {"btype":1,"x":250,"y":660,"ang":90}, {"btype":1,"x":250,"y":560,"ang":90}, {"btype":1,"x":250,"y":460,"ang":90}, {"btype":1,"x":250,"y":360,"ang":90}, {"btype":1,"x":250,"y":260,"ang":90}, {"btype":1,"x":250,"y":160,"ang":90}, {"btype":1,"x":750,"y":660,"ang":90}, {"btype":1,"x":750,"y":560,"ang":90}, {"btype":1,"x":750,"y":460,"ang":90}, {"btype":1,"x":750,"y":360,"ang":90}, {"btype":1,"x":750,"y":260,"ang":90}, {"btype":1,"x":750,"y":160,"ang":90}, {"btype":1,"x":750,"y":60,"ang":90}, {"btype":2,"x":550,"y":700,"ang":0}, {"btype":1,"x":860,"y":575,"ang":45}, {"btype":4,"x":860,"y":690,"ang":0}
		],
		[
			{"btype":1,"x":860,"y":5,"ang":45}, {"btype":1,"x":860,"y":600,"ang":135}, {"btype":1,"x":25,"y":600,"ang":225}, {"btype":1,"x":25,"y":100,"ang":135}, {"btype":1,"x":740,"y":100,"ang":45}, {"btype":1,"x":750,"y":500,"ang":135}, {"btype":1,"x":250,"y":500,"ang":45}, {"btype":1,"x":250,"y":190,"ang":135}, {"btype":1,"x":650,"y":190,"ang":45}, {"btype":1,"x":650,"y":350,"ang":135}, {"btype":4,"x":450,"y":350,"ang":0} 
		],
	]
}